,network,station,lat,lon
49.0,AMMA-CATCH,Banizoumbou,13.5325,2.6604
50.0,AMMA-CATCH,Belefoungou-Mid,9.7951,1.7099
51.0,AMMA-CATCH,Belefoungou-Top,9.7899,1.7099
52.0,AMMA-CATCH,Nalohou-Mid,9.7453,1.6053
53.0,AMMA-CATCH,Nalohou-Top,9.7441,1.6058
54.0,AMMA-CATCH,Tondikiboro,13.548,2.6956
55.0,AMMA-CATCH,Wankama,13.6456,2.6319999999999997
56.0,ARM,Anthony,37.2134,-98.0969
57.0,ARM,Ashton,37.133,-97.266
58.0,ARM,Byron,36.881,-98.285
59.0,ARM,Coldwater,37.333,-99.309
60.0,ARM,Cordell,35.354,-98.977
62.0,ARM,Earlsboro,35.269,-96.74
63.0,ARM,El_Reno,35.556999999999995,-98.01700000000001
64.0,ARM,Elk_Falls,37.383,-96.18
66.0,ARM,Hillsboro,38.306,-97.301
67.0,ARM,Lamont_CF1,36.605,-97.485
68.0,ARM,Lamont_CF2,36.607,-97.488
69.0,ARM,Larned,38.202,-99.316
70.0,ARM,LeRoy,38.201,-95.59700000000001
71.0,ARM,Meeker,35.564,-96.988
72.0,ARM,Newkirk,36.926,-97.08200000000001
73.0,ARM,Okmulgee,35.615,-96.065
74.0,ARM,Omega,35.88,-98.17299999999999
75.0,ARM,Pawhuska,36.841,-96.427
78.0,ARM,Towanda,37.842,-97.02
79.0,ARM,Tyro,37.068000000000005,-95.788
81.0,ARM,Vici,36.061,-99.134
82.0,ARM,Waukomis,36.311,-97.928
83.0,AWDN,Ainsworth,42.33,-99.49
84.0,AWDN,Alliance_West,42.01,-103.08
85.0,AWDN,Arthur,41.39,-101.31
86.0,AWDN,Barta,42.14,-99.39
87.0,AWDN,Brule_North_Table,41.09,-101.59
88.0,AWDN,Brunswick,42.21,-97.55
89.0,AWDN,Cedar_Point,41.12,-101.38
90.0,AWDN,Central_City,41.09,-97.58
91.0,AWDN,Champion,40.24,-101.43
92.0,AWDN,Clay_Center_(SC),40.34,-98.08
93.0,AWDN,Concord_(NE),42.23,-96.57
94.0,AWDN,Cozad,40.58,-99.57
95.0,AWDN,Curtisunsta,40.38,-100.3
96.0,AWDN,Elgin,41.56,-98.11
97.0,AWDN,Gordon,42.44,-102.1
98.0,AWDN,Gothenburg,40.57,-100.11
99.0,AWDN,Grand_Island,40.53,-98.3
100.0,AWDN,Halsey,41.54,-100.09
101.0,AWDN,Higgins_Ranch,42.5,-99.15
102.0,AWDN,Holdrege,40.2,-99.22
103.0,AWDN,Holdrege_4N,40.3,-99.21
104.0,AWDN,Kearney,40.43,-99.01
105.0,AWDN,McCook,40.14,-100.35
106.0,AWDN,Mead,41.09,-96.29
107.0,AWDN,Mead_Agrofarm,41.09,-96.24
108.0,AWDN,Merna,41.27,-99.46
109.0,AWDN,Merritt,42.27,-100.54
110.0,AWDN,Minden,40.31,-99.03
111.0,AWDN,Mitchell_Farms,41.56,-103.42
113.0,AWDN,Newport,42.35,-99.23
114.0,AWDN,North_Platte,41.05,-100.46
115.0,AWDN,O_Neill,42.28,-98.45
116.0,AWDN,Ord,41.37,-98.56
117.0,AWDN,Red_Cloud,40.05,-98.17
118.0,AWDN,Scottsbluff,41.53,-103.4
119.0,AWDN,Shelton,40.44,-98.45
120.0,AWDN,Sidney,41.13,-103.01
121.0,AWDN,Smithfield,40.35,-99.4
122.0,AWDN,Sparks,42.59,-100.12
123.0,AWDN,West_Point,41.51,-96.44
124.0,AWDN,York,40.52,-97.37
125.0,BNZ-LTER,CRREL-Met,65.1543,-147.4904
127.0,BNZ-LTER,FP2A,64.6988,-148.2525
128.0,BNZ-LTER,FP3A,64.7232,-148.1509
129.0,BNZ-LTER,FP4A,64.6788,-148.2369
130.0,BNZ-LTER,FP5A,64.6815,-148.2491
131.0,BNZ-LTER,HELMERS,65.1709,-147.5436
132.0,BNZ-LTER,LTER1,64.743,-148.3163
134.0,BNZ-LTER,UP1A,64.7355,-148.3027
135.0,BNZ-LTER,UP2A,64.6955,-148.3557
144.0,CARBOAFRICA,SD-DEM,13.2829,30.4783
145.0,COSMOS,ARM-1,36.6054,-97.4878
146.0,COSMOS,Austin_Cary,29.7381,-82.2188
147.0,COSMOS,Baldry,-32.871,148.526
150.0,COSMOS,Beltsville,39.0295,-76.8462
151.0,COSMOS,Biosphere,32.5795,-110.851
152.0,COSMOS,Bondville,40.0062,-88.2904
153.0,COSMOS,Brookings,44.3453,-96.8362
154.0,COSMOS,Bushland,35.1882,-102.0955
161.0,COSMOS,Coastal_Sage_UCI,33.7342,-117.6961
163.0,COSMOS,Daly,-14.1592,131.3881
164.0,COSMOS,Daniel_Forest,41.86,-111.5
165.0,COSMOS,Derlo,52.1695,23.3693
167.0,COSMOS,Flag_Ponderosa_Pine,35.4386,-111.8036
168.0,COSMOS,Flag_Wildfire,35.4455,-111.7719
169.0,COSMOS,Fort_Peck,48.3077,-105.1019
170.0,COSMOS,Freeman_Ranch,29.9492,-97.9966
171.0,COSMOS,GLEES,41.3644,-106.2394
175.0,COSMOS,Griffith,-34.2527,146.1202
180.0,COSMOS,Hermosillo,29.7369,-110.5054
182.0,COSMOS,Iowa_Validation_Site,41.9832,-93.6837
184.0,COSMOS,JERC,31.2364,-84.4617
185.0,COSMOS,Jonesboro,35.7522,-90.764
186.0,COSMOS,Jornada_Mixed_Shrubland,32.58,-106.6
187.0,COSMOS,Juelich,50.503,6.3314
188.0,COSMOS,KLEE,0.2825,36.8669
189.0,COSMOS,Kendall,31.7368,-109.9418
190.0,COSMOS,Lichtenburg_potato,-26.0252,26.5704
191.0,COSMOS,Lower_Salt_Creek,38.1294,-109.7345
192.0,COSMOS,Lucky_Hills,31.7442,-110.0518
193.0,COSMOS,Manitou_Forest_Ground,39.1006,-105.1025
194.0,COSMOS,Manitou_Forest_Tower,39.101,-105.102
195.0,COSMOS,Marshall_Colorado,39.9495,-105.1955
196.0,COSMOS,Metolius,44.4523,-121.5574
197.0,COSMOS,Mineral_Banks,-41.2597,147.7894
200.0,COSMOS,Mozark,38.7441,-92.2
201.0,COSMOS,Mpala_North,0.4856,36.8701
204.0,COSMOS,Neb_Field_3,41.1649,-96.4701
205.0,COSMOS,Norwin,-27.5736,151.3092
206.0,COSMOS,P301,37.0678,-119.1944
208.0,COSMOS,Pe-de-Gigante,-21.6176,-47.6325
210.0,COSMOS,Rancho_No_Tengo,31.7438,-110.0219
211.0,COSMOS,Reynolds_Creek,43.1208,-116.7226
212.0,COSMOS,Rietholzbach,47.3805,8.9934
213.0,COSMOS,Robsons_Creek,-17.12,145.63
215.0,COSMOS,Rosemount,44.7143,-93.0898
216.0,COSMOS,SMAP-OK,36.0635,-97.21700000000001
217.0,COSMOS,San_Pedro,31.5615,-110.1404
219.0,COSMOS,Santa_Fe_Watershed-SF1,35.6792,-105.8269
221.0,COSMOS,Santa_Rita_Criosote,31.9085,-110.8394
222.0,COSMOS,Santa_Rita_Mesquite,31.82,-110.84
223.0,COSMOS,Saskatoon,52.1326,-106.6168
224.0,COSMOS,Savannah_River,33.3828,-81.566
225.0,COSMOS,Sevilleta_New_Grass,34.3999,-106.6743
226.0,COSMOS,Shale_Hills,40.6646,-77.9067
228.0,COSMOS,Soaproot,37.031,-119.2564
229.0,COSMOS,Sterling,38.9739,-77.4852
230.0,COSMOS,Temora,-34.4046,147.5326
231.0,COSMOS,Tenderfoot_Creek,46.9514,-110.8871
232.0,COSMOS,Tonzi_Ranch,38.4316,-120.9659
233.0,COSMOS,Toulouse,43.3848,1.2922
234.0,COSMOS,Tower_Ruin,38.1168,-109.7184
238.0,COSMOS,Tullochgorum,-41.6694,147.9117
239.0,COSMOS,Tumbarumba,-35.656,148.15200000000002
242.0,COSMOS,VCNP_CZO,35.8896,-106.5328
243.0,COSMOS,Water4Crops_Budrio_IT,44.5711,11.5321
244.0,COSMOS,Weany_Creek,-19.882,146.536
245.0,COSMOS,Wind_River,45.8205,-121.9519
246.0,COSMOS,Yanco,-35.005,146.2992
250.0,CTP_SMTMN,L01,31.945999999999998,91.721
251.0,CTP_SMTMN,L02,31.89,91.7
252.0,CTP_SMTMN,L03,31.843000000000004,91.706
253.0,CTP_SMTMN,L04_M02,31.805999999999997,91.75
254.0,CTP_SMTMN,L05_M06,31.754,91.78299999999999
255.0,CTP_SMTMN,L06_M10,31.721999999999998,91.811
256.0,CTP_SMTMN,L07_M13,31.678,91.84200000000001
257.0,CTP_SMTMN,L08_M14,31.662,91.795
258.0,CTP_SMTMN,L09_M16,31.639,91.755
259.0,CTP_SMTMN,L10_M17,31.614,91.74
260.0,CTP_SMTMN,L11_M21,31.587,91.79299999999999
261.0,CTP_SMTMN,L12_M22,31.574,91.913
262.0,CTP_SMTMN,L13,31.546,91.985
263.0,CTP_SMTMN,L14,31.526999999999997,92.05
264.0,CTP_SMTMN,L15,31.463,92.01700000000001
265.0,CTP_SMTMN,L16,31.41,91.971
266.0,CTP_SMTMN,L17,31.373,91.976
267.0,CTP_SMTMN,L18,31.331999999999997,92.041
268.0,CTP_SMTMN,L19,31.274,92.109
269.0,CTP_SMTMN,L20,31.232,92.164
270.0,CTP_SMTMN,L21,31.171999999999997,92.197
271.0,CTP_SMTMN,L22,31.128,92.25
272.0,CTP_SMTMN,L23,31.107,92.309
274.0,CTP_SMTMN,L25,31.713,92.458
275.0,CTP_SMTMN,L26,31.683000000000003,92.405
276.0,CTP_SMTMN,L27,31.664,92.34200000000001
278.0,CTP_SMTMN,L29,31.587,92.241
279.0,CTP_SMTMN,L30,31.541,92.206
281.0,CTP_SMTMN,L32,31.369,91.899
282.0,CTP_SMTMN,L33,31.301,91.848
283.0,CTP_SMTMN,L34,31.259,91.79899999999999
284.0,CTP_SMTMN,L35,31.175,91.76
285.0,CTP_SMTMN,L36,31.129,91.726
286.0,CTP_SMTMN,L37,31.089000000000002,91.68799999999999
287.0,CTP_SMTMN,L38,31.033,91.679
288.0,CTP_SMTMN,M01,31.781999999999996,91.73
289.0,CTP_SMTMN,M03,31.816,91.796
290.0,CTP_SMTMN,M04,31.808000000000003,91.846
291.0,CTP_SMTMN,M05,31.743000000000002,91.725
293.0,CTP_SMTMN,M08,31.736,91.87
294.0,CTP_SMTMN,M09,31.685,91.719
295.0,CTP_SMTMN,M11_S09,31.683000000000003,91.771
296.0,CTP_SMTMN,M12_S08,31.691,91.80799999999999
297.0,CTP_SMTMN,M15,31.671,91.904
298.0,CTP_SMTMN,M18,31.614,91.775
299.0,CTP_SMTMN,M19,31.618000000000002,91.84100000000001
300.0,CTP_SMTMN,M20,31.612,91.915
301.0,CTP_SMTMN,S02,31.721999999999998,91.811
302.0,CTP_SMTMN,S03,31.715999999999998,91.802
303.0,CTP_SMTMN,S04,31.703000000000003,91.787
304.0,CTP_SMTMN,S05,31.698,91.774
305.0,CTP_SMTMN,S06,31.694000000000003,91.786
306.0,CTP_SMTMN,S07,31.693,91.79899999999999
307.0,DAHRA,DAHRA,15.4035,-15.432
308.0,FLUXNET-AMERIFLUX,Tonzi_Ranch,38.4316,-120.96600000000001
309.0,FLUXNET-AMERIFLUX,Vaira_Ranch,38.4133,-120.9507
313.0,FMI,SOD011,67.3619,26.6338
315.0,FMI,SOD013,67.3619,26.6338
322.0,FMI,SOD071,67.3569,26.6849
323.0,FMI,SOD072,67.3569,26.6851
324.0,FMI,SOD073,67.3568,26.6848
325.0,FMI,SOD081,67.3842,26.6253
326.0,FMI,SOD082,67.3842,26.6252
327.0,FMI,SOD083,67.3843,26.6252
331.0,FMI,SOD101,67.3592,26.6859
336.0,FMI,SODAWS,67.3621,26.6333
337.0,FR_Aqui,fraye,44.467,-0.7269
338.0,FR_Aqui,grandcal,44.472,-0.7675
339.0,FR_Aqui,hillan,44.4914,-0.7568
340.0,FR_Aqui,parcmeteo,44.7899,-0.5765
344.0,GTK,Suomussalmi,64.9313,28.7467
345.0,HOBE,1.01,56.0193,9.1809
346.0,HOBE,1.02,56.0376,9.161
347.0,HOBE,1.03,56.0283,9.1654
348.0,HOBE,1.04,56.0733,9.3337
349.0,HOBE,1.05,56.033,9.1912
350.0,HOBE,1.06,56.0513,9.161
351.0,HOBE,1.07,56.0426,9.1413
352.0,HOBE,1.08,56.0466,9.1239
353.0,HOBE,1.09,56.036,9.1304
354.0,HOBE,1.10,56.0348,9.2392
355.0,HOBE,2.01,55.9398,9.2207
356.0,HOBE,2.02,55.9839,9.1624
357.0,HOBE,2.03,55.9816,9.1526
358.0,HOBE,2.04,55.9759,9.0984
359.0,HOBE,2.05,55.9763,9.0967
360.0,HOBE,2.06,55.9785,9.0871
361.0,HOBE,2.06b,55.9797,9.0817
362.0,HOBE,2.07,55.9482,9.0337
363.0,HOBE,2.08,55.9398,9.0337
364.0,HOBE,2.08b,55.9397,9.0315
365.0,HOBE,2.09,55.9282,9.1153
366.0,HOBE,2.10,55.9861,9.0907
367.0,HOBE,2.11,55.9704,9.0225
368.0,HOBE,3.01,55.8807,9.0142
369.0,HOBE,3.02,55.9354,8.9221
370.0,HOBE,3.03,55.9121,8.9462
371.0,HOBE,3.04,55.9106,8.9357
372.0,HOBE,3.05,55.9025,8.9175
373.0,HOBE,3.06,55.9115,8.8831
374.0,HOBE,3.07,55.9096,8.8536
375.0,HOBE,3.08,55.8776,9.2683
376.0,HOBE,3.09,55.8609,9.2945
558.0,ICN,Orr_Center_(Perry),39.8,-90.83
563.0,IIT_KANPUR,IITK_Airstrip,26.5188,80.233
572.0,MAQU,CST_01,33.8833,102.1333
573.0,MAQU,CST_02,33.6666,102.1333
574.0,MAQU,CST_03,33.9,101.9666
575.0,MAQU,CST_04,33.7666,101.7166
576.0,MAQU,CST_05,33.6666,101.8833
577.0,MAQU,NST_01,33.8933,102.1333
578.0,MAQU,NST_02,33.8833,102.1433
579.0,MAQU,NST_03,33.7666,102.1333
581.0,MAQU,NST_05,33.6333,102.05
582.0,MAQU,NST_06,34.0,102.2666
583.0,MAQU,NST_07,33.9833,102.35
584.0,MAQU,NST_08,33.9666,102.6
585.0,MAQU,NST_09,33.9,102.55
586.0,MAQU,NST_10,33.85,102.5666
587.0,MAQU,NST_11,33.6833,102.4666
588.0,MAQU,NST_12,33.6166,102.4666
589.0,MAQU,NST_13,34.0166,101.9333
590.0,MAQU,NST_14,33.9166,102.1166
593.0,MOL-RAO,Falkenberg,52.1669,14.1242
594.0,MOL-RAO,Kehrigk,52.1822,13.9539
602.0,ORACLE,BOISSY,48.8239,3.1397
604.0,ORACLE,CHEVRU,48.7267,3.2031
605.0,ORACLE,ESTERNAY,48.7419,3.5797
606.0,ORACLE,SUIZY,48.6114,3.3489
607.0,ORACLE,VOULTON,48.9333,3.7314
608.0,OZNET,Alabama,-35.324,147.5348
609.0,OZNET,Balranald-Bolton_Park,-34.0019,146.4327
610.0,OZNET,Banandra,-34.6548,146.1103
611.0,OZNET,Benwerrin,-35.3163,147.3439
612.0,OZNET,Bundure,-35.1097,145.9355
613.0,OZNET,Canberra_Airport,-35.35,149.04
614.0,OZNET,Cheverelis,-35.0053,146.3099
615.0,OZNET,Cooma_Airfield,-36.293,148.9706
616.0,OZNET,Cootamundra_Aerodrome,-34.6299,148.0365
617.0,OZNET,Cox,-35.3898,147.4572
618.0,OZNET,Crawford,-35.3602,148.0854
619.0,OZNET,Dry_Lake,-34.7283,146.2932
620.0,OZNET,Eulo,-34.7194,146.02
621.0,OZNET,Evergreen,-35.2389,147.5333
622.0,OZNET,Ginninderra_K4,-35.4269,147.6
623.0,OZNET,Ginninderra_K5,-35.4193,147.6041
624.0,OZNET,Griffith_Aerodrome,-34.6584,143.5486
625.0,OZNET,Hay_AWS,-34.5471,144.86700000000002
626.0,OZNET,Keenan,-35.4975,148.1065
627.0,OZNET,Kyeamba_Downs,-35.4353,147.5305
628.0,OZNET,Kyeamba_Mouth,-35.1249,147.4974
629.0,OZNET,Kyeamba_Station,-35.4341,147.5689
630.0,OZNET,Rochedale,-35.3731,148.0661
631.0,OZNET,S_Coleambally,-34.8426,145.8669
632.0,OZNET,Samarra,-35.2275,147.485
633.0,OZNET,Silver_Springs,-35.272,147.429
634.0,OZNET,Spring_Bank,-35.0696,146.1689
635.0,OZNET,Strathvale,-35.4283,148.1316
636.0,OZNET,Uri_Park,-34.6289,145.849
637.0,OZNET,Waitara,-35.4932,147.5591
638.0,OZNET,Weeroona,-35.3997,148.1011
639.0,OZNET,West_Wyalong_Airfield,-33.9383,147.1962
640.0,OZNET,Widgiewa,-35.0902,146.3065
641.0,OZNET,Wollumbi,-35.3939,147.5662
642.0,OZNET,Wynella,-34.847,146.414
643.0,OZNET,Yamma_Road,-34.8518,146.1153
644.0,OZNET,Yammacoona,-34.9678,146.0163
645.0,OZNET,Yanco_Research_Station,-34.6208,146.4239
646.0,PBO_H2O,AKRONARPT,40.1718,-103.2225
647.0,PBO_H2O,ALKALILAKE,43.0018,-119.9518
648.0,PBO_H2O,ANGELFIRE,36.4203,-105.2936
650.0,PBO_H2O,ANTIMONYFL,35.2543,-118.1265
651.0,PBO_H2O,ARKANSACRK,37.5819,-121.3248
652.0,PBO_H2O,ARMINGTON,47.35,-110.9062
653.0,PBO_H2O,ATOMICCITY,43.449,-112.8046
654.0,PBO_H2O,AUBREYPEAK,34.6673,-113.7313
655.0,PBO_H2O,AVILARANCH,35.9333,-120.9068
656.0,PBO_H2O,BAKERCITY,44.8349,-117.7996
658.0,PBO_H2O,BILLINGSAP,45.8066,-108.5461
660.0,PBO_H2O,BITTERWATR,35.5342,-120.1125
662.0,PBO_H2O,BLACKROCK,39.1861,-112.7171
664.0,PBO_H2O,BROTHERSDT,43.812,-120.6034
665.0,PBO_H2O,BUCKLEYFLT,38.7246,-118.4602
666.0,PBO_H2O,BUCKSKINMT,42.2546,-118.4125
667.0,PBO_H2O,BUTTERBRED,35.378,-118.1238
671.0,PBO_H2O,CALAVERAS,38.09,-120.9512
672.0,PBO_H2O,CALCITYAPT,35.1524,-118.0165
673.0,PBO_H2O,CALCITYPLR,35.1524,-118.0166
674.0,PBO_H2O,CALIVALLEY,35.3168,-119.9353
675.0,PBO_H2O,CAMPELLIOT,32.8892,-117.1047
676.0,PBO_H2O,CARRIZORAN,35.2798,-120.025
680.0,PBO_H2O,CLAYTONARP,36.4481,-103.1539
686.0,PBO_H2O,CTDM_SCGN,34.5166,-118.6132
687.0,PBO_H2O,DELANO_AIR,35.7439,-119.2366
688.0,PBO_H2O,DELTAMUNI,39.3875,-112.5041
689.0,PBO_H2O,DELVALLE,37.6018,-121.6869
690.0,PBO_H2O,DRI_RENO,39.5728,-119.7998
691.0,PBO_H2O,DRYMOUNTAI,39.5361,-115.5126
693.0,PBO_H2O,ENNISFISH,45.2178,-111.789
694.0,PBO_H2O,EcRockStPkTX2012,30.4946,-98.822
695.0,PBO_H2O,FALLBROOK,33.3552,-117.2487
698.0,PBO_H2O,FOUNTGREEN,39.5975,-111.6508
699.0,PBO_H2O,FREEMONTAP,38.4218,-105.1047
702.0,PBO_H2O,GRANITEMTN,37.9034,-118.7362
703.0,PBO_H2O,GRANITEPK,40.7798,-119.4768
704.0,PBO_H2O,GRANTS,35.1322,-107.88
705.0,PBO_H2O,GRAPEVINE,34.8351,-118.87899999999999
706.0,PBO_H2O,HARTMTNNWR,42.5467,-119.6584
707.0,PBO_H2O,HAYSPEAK,41.2757,-119.9359
708.0,PBO_H2O,HILL72,41.7566,-112.6231
709.0,PBO_H2O,HILLMRANCHM,35.6248,-120.4804
710.0,PBO_H2O,HLFISLPARK,44.3178,-111.4507
711.0,PBO_H2O,HLFSTORYRN,45.3543,-110.7587
712.0,PBO_H2O,HNSLVALLY,41.8034,-112.6983
713.0,PBO_H2O,HORSHEAVEN,45.9106,-120.0052
714.0,PBO_H2O,HUNT_SCGN,35.8808,-120.4024
715.0,PBO_H2O,HVYS_SCGN,34.4412,-119.1875
717.0,PBO_H2O,IMPS_SCGN,34.1576,-115.1451
718.0,PBO_H2O,INDIANPEAK,39.2879,-117.6049
719.0,PBO_H2O,JACKASSBUT,43.034,-118.9285
720.0,PBO_H2O,KAMASLLOYD,40.6355,-111.3499
721.0,PBO_H2O,KEMMERERLF,41.7498,-110.5128
722.0,PBO_H2O,KNOLLSWEST,40.6713,-113.27799999999999
723.0,PBO_H2O,LAKHENSHAW,33.2402,-116.6714
724.0,PBO_H2O,LAMARARPT,38.0715,-102.68700000000001
726.0,PBO_H2O,LITTLEBALD,39.9249,-115.556
730.0,PBO_H2O,MARSHALL,39.9495,-105.1943
731.0,PBO_H2O,MARSHALL2,39.9476,-105.1944
732.0,PBO_H2O,MASW_SCGN,35.8326,-120.4431
733.0,PBO_H2O,MATADORRCH,45.0435,-112.5241
734.0,PBO_H2O,MCDERMITT,42.0201,-117.7256
735.0,PBO_H2O,MCDNLDWELL,35.1168,-117.3648
736.0,PBO_H2O,MEDICINELG,44.3998,-112.6365
737.0,PBO_H2O,MIDDLEGATE,39.3056,-117.9848
738.0,PBO_H2O,MONTICELLO,38.0974,-109.3338
739.0,PBO_H2O,MOONEYCYN,36.1402,-120.8789
741.0,PBO_H2O,MORROWAIR,45.4528,-119.6901
742.0,PBO_H2O,MT_GLEASON,34.3764,-118.1776
744.0,PBO_H2O,NDAP_SCGN,34.7677,-114.6186
745.0,PBO_H2O,NEWCASTLE,43.8811,-104.1857
746.0,PBO_H2O,NIPOMO,35.0107,-120.4098
747.0,PBO_H2O,NOMODESTO,37.699,-121.0716
749.0,PBO_H2O,PARKINSONF,43.9192,-111.4505
751.0,PBO_H2O,PORTALESAP,34.1473,-103.4073
752.0,PBO_H2O,QCY2_BARD,36.1611,-121.1373
754.0,PBO_H2O,RANDOLPHLL,41.6923,-111.236
755.0,PBO_H2O,RAWLINSWWT,41.7417,-107.2559
756.0,PBO_H2O,REDKNOLLS,39.3451,-113.0421
757.0,PBO_H2O,REIDHILLVW,37.3368,-121.8256
758.0,PBO_H2O,RIFLE_GCL,39.5155,-107.9087
759.0,PBO_H2O,ROSASCYN,36.4259,-121.1349
760.0,PBO_H2O,SAGEVALLEY,39.5889,-111.9446
761.0,PBO_H2O,SALMONFALL,41.7242,-114.8197
762.0,PBO_H2O,SANPETEVAL,39.7152,-111.5711
764.0,PBO_H2O,SDHL_SCGN,34.255,-116.2789
765.0,PBO_H2O,SEVILLETA,34.3581,-106.6796
766.0,PBO_H2O,SHANIKO,44.9227,-120.9462
767.0,PBO_H2O,SHOSHONERV,44.4854,-109.8973
768.0,PBO_H2O,SIERRAARMY,40.2889,-120.0773
769.0,PBO_H2O,SILVERLAKE,43.1124,-121.0907
770.0,PBO_H2O,SISTERSHSL,44.2968,-121.5745
771.0,PBO_H2O,SLAVENCYN,40.4955,-116.7362
772.0,PBO_H2O,SMAPSITEA2,36.0634,-97.21700000000001
773.0,PBO_H2O,SMAPSITEC,36.0635,-97.2178
774.0,PBO_H2O,SMAPSITED,36.0652,-97.2151
775.0,PBO_H2O,SPARLINRCH,36.95,-121.2684
776.0,PBO_H2O,SPIDERROCK,36.1498,-109.5192
777.0,PBO_H2O,SPRINGCREK,41.4287,-117.33
781.0,PBO_H2O,TENSLEEPTR,43.9529,-107.3876
783.0,PBO_H2O,TRESPIEDRA,36.6352,-105.9108
784.0,PBO_H2O,TUBA_CITY,36.1428,-111.13
786.0,PBO_H2O,VAUGHNPTRL,34.6014,-105.1836
787.0,PBO_H2O,VERNONHILL,40.0781,-112.3614
789.0,PBO_H2O,VIGUSBUTTE,39.5211,-117.1865
791.0,PBO_H2O,VINAHELITK,39.9291,-122.02799999999999
792.0,PBO_H2O,WAGONMOUND,36.0448,-104.698
793.0,PBO_H2O,WANSHIP2,40.8076,-111.4147
794.0,PBO_H2O,WHEATLAND,42.0515,-104.9106
795.0,PBO_H2O,WHITEWATER,48.7261,-107.7254
796.0,PBO_H2O,WICKSRANCH,35.6338,-120.26700000000001
797.0,PBO_H2O,WILBURLEVA,47.7591,-118.7455
798.0,PBO_H2O,WOODLANDFM,42.8789,-113.8683
799.0,PBO_H2O,WRIGHTSPT,43.4468,-119.001
800.0,REMEDHUS,Canizal,41.196000000000005,-5.36
801.0,REMEDHUS,Carramedina,41.3124,-5.1614
802.0,REMEDHUS,Carretoro,41.265,-5.3805
803.0,REMEDHUS,Casa_Periles,41.3939,-5.3215
804.0,REMEDHUS,Concejo_del_Monte,41.3001,-5.247000000000001
805.0,REMEDHUS,El_Coto,41.3813,-5.4292
806.0,REMEDHUS,El_Tomillar,41.3489,-5.4903
807.0,REMEDHUS,Granja_g,41.3058,-5.3757
808.0,REMEDHUS,Guarena,41.2005,-5.2974
809.0,REMEDHUS,Guarrati,41.2892,-5.4671
810.0,REMEDHUS,La_Atalaya,41.1489,-5.3976
811.0,REMEDHUS,La_Cruz_de_Elias,41.2855,-5.3
812.0,REMEDHUS,Las_Arenas,41.3734,-5.5485
813.0,REMEDHUS,Las_Bodegas,41.1826,-5.4771
814.0,REMEDHUS,Las_Brozas,41.4465,-5.3587
815.0,REMEDHUS,Las_Eritas,41.2055,-5.4156
816.0,REMEDHUS,Las_Tres_Rayas,41.2747,-5.5919
817.0,REMEDHUS,Las_Vacas,41.3471,-5.2247
818.0,REMEDHUS,Las_Victorias,41.4241,-5.374
819.0,REMEDHUS,Llanos_de_la_Boveda,41.3576,-5.3311
820.0,REMEDHUS,Paredinas,41.4559,-5.4110000000000005
821.0,REMEDHUS,Zamarron,41.2392,-5.5443
825.0,RISMA,MB11,50.1113,-97.5734
826.0,RISMA,MB12,50.19,-97.598
832.0,RISMA,MB7,49.6655,-98.0076
834.0,RISMA,MB9,49.6946,-98.024
835.0,RISMA,ON2,45.4016,-74.9479
836.0,RISMA,ON3,45.3626,-74.9971
838.0,RISMA,ON5,45.3769,-75.0031
839.0,RISMA,SK1,51.3348,-106.5649
840.0,RISMA,SK2,51.335,-106.5639
841.0,RISMA,SK3,51.3841,-106.4692
842.0,RISMA,SK4,51.3816,-106.4158
843.0,RSMN,Adamclisi,44.0883,27.9659
845.0,RSMN,Bacles,44.4762,23.1129
848.0,RSMN,Calarasi,44.2057,27.3385
857.0,RSMN,Rosiorii_de_Vede,44.1071,24.9787
860.0,RSMN,Slatina,44.4421,24.3545
862.0,RSMN,Tecuci,45.8416,27.409000000000002
874.0,SCAN,AAMU-jtg,34.783,-86.55
875.0,SCAN,Abrams,37.133,-97.083
876.0,SCAN,Adams_Ranch_#1,34.25,-105.417
877.0,SCAN,Alcalde,36.083,-106.05
878.0,SCAN,Alkali_Mesa,37.667,-109.367
879.0,SCAN,Allen_Farms,35.067,-86.9
880.0,SCAN,Ames,42.016999999999996,-93.73299999999999
886.0,SCAN,Blue_Creek,41.933,-112.43299999999999
889.0,SCAN,Bragg_Farm,34.9,-86.6
892.0,SCAN,Buffalo_Jump,41.35,-111.18299999999999
893.0,SCAN,Bushland_#1,35.167,-102.1
895.0,SCAN,Cache_Junction,41.817,-111.98299999999999
897.0,SCAN,Cave_Valley,37.35,-113.117
898.0,SCAN,Centralia_Lake,39.7,-96.167
901.0,SCAN,Chicken_Ridge,41.333,-111.3
903.0,SCAN,Circleville,38.15,-112.25
904.0,SCAN,Cochora_Ranch,35.12,-119.6
906.0,SCAN,Conrad_Ag_Rc,48.3,-111.917
907.0,SCAN,Cook_Farm_Field_D,46.78,-117.08
909.0,SCAN,Cper,40.82,-104.71
910.0,SCAN,Crescent_Lake_#1,45.417,-93.95
911.0,SCAN,Crossroads,33.533,-103.25
912.0,SCAN,Cullman-NAHRC,34.2,-86.8
914.0,SCAN,Dee_River_Ranch,33.1,-88.31700000000001
917.0,SCAN,Dexter,36.783,-89.93299999999999
919.0,SCAN,Dugway,40.167,-113.0167
920.0,SCAN,Eagle_Lake,40.62,-120.72
921.0,SCAN,Eastland,37.783,-109.167
922.0,SCAN,Eastview_Farm,35.133,-86.18299999999999
923.0,SCAN,Enterprise,37.633,-113.65
924.0,SCAN,Ephraim,39.4167,-111.56700000000001
925.0,SCAN,Eros_Data_Center,43.733000000000004,-96.617
926.0,SCAN,Essex,34.67,-115.17
929.0,SCAN,Fort_Assiniboine_#1,48.483000000000004,-109.8
930.0,SCAN,Fort_Reno_#1,35.55,-98.01700000000001
933.0,SCAN,Geneva_#1,42.883,-77.033
934.0,SCAN,Glacial_Ridge,47.717,-96.26700000000001
935.0,SCAN,Goodwin_Creek_Pasture,34.25,-89.867
936.0,SCAN,Goodwin_Creek_Timber,34.233000000000004,-89.9
937.0,SCAN,Goshute,39.983000000000004,-114.0
938.0,SCAN,Grantsville,40.583,-112.4
939.0,SCAN,Green_River,39.016999999999996,-110.167
940.0,SCAN,Grouse_Creek,41.783,-113.81700000000001
943.0,SCAN,Harms_Way,38.317,-109.23299999999999
944.0,SCAN,Hartselle_USDA,34.433,-87.0
946.0,SCAN,Hodges,34.45,-86.15
947.0,SCAN,Holden,39.2,-112.4
949.0,SCAN,Hubbard_Brook,43.933,-71.717
950.0,SCAN,Hytop,34.867,-86.1
954.0,SCAN,Isbell_Farms,34.817,-87.98299999999999
956.0,SCAN,Johnson_Farm,40.367,-101.71700000000001
958.0,SCAN,Jordan_Valley_Cwma,42.95,-117.01700000000001
960.0,SCAN,Journagan_Ranch,37.0,-92.26
966.0,SCAN,Koptis_Farms,30.517,-87.7
967.0,SCAN,Ku-nesa,39.05,-95.18299999999999
970.0,SCAN,LINDSAY,47.21,-105.19
971.0,SCAN,Lehman,33.633,-102.75
972.0,SCAN,Levelland,33.55,-102.367
973.0,SCAN,Lind_#1,47.0,-118.56700000000001
974.0,SCAN,Little_Red_Fox,40.183,-110.3
975.0,SCAN,Little_River,31.5,-83.55
976.0,SCAN,Little_Washita_#1,34.95,-97.98299999999999
977.0,SCAN,Livingston-UWA,32.6,-88.2
978.0,SCAN,Los_Lunas_Pmc,34.766999999999996,-106.76700000000001
980.0,SCAN,Lovelock_Nnr,40.033,-118.18299999999999
982.0,SCAN,Lye_Brook,43.05,-73.033
983.0,SCAN,Lynhart_Ranch,42.016999999999996,-121.383
984.0,SCAN,Mahantango_Ck,40.667,-76.667
985.0,SCAN,Mammoth_Cave,37.183,-86.03299999999999
987.0,SCAN,Mandan_#1,46.766999999999996,-100.917
988.0,SCAN,Manderfield,38.367,-112.65
992.0,SCAN,Mason_#1,40.3167,-89.9
994.0,SCAN,Mayday,32.867,-90.51700000000001
995.0,SCAN,Mcalister_Farm,35.067,-86.583
996.0,SCAN,Mccracken_Mesa,37.45,-109.333
998.0,SCAN,Moccasin,47.05,-109.95
999.0,SCAN,Molly_Caren_#1,39.95,-83.45
1002.0,SCAN,Morgan,41.0,-111.68299999999999
1003.0,SCAN,Morris_Farms,32.417,-85.917
1005.0,SCAN,Mount_Mansfield,44.533,-72.833
1006.0,SCAN,Mountain_Home,40.367,-110.4
1007.0,SCAN,Mt_Vernon,37.067,-93.883
1009.0,SCAN,Naknek_River,58.67,-156.57
1010.0,SCAN,Nenana,64.683,-148.917
1011.0,SCAN,Nephi,39.65,-111.867
1012.0,SCAN,Newby_Farm,34.85,-86.883
1013.0,SCAN,North_Issaquena,33.0,-91.06700000000001
1014.0,SCAN,Nunn_#1,40.867,-104.73299999999999
1015.0,SCAN,Onward,32.75,-90.93299999999999
1016.0,SCAN,Orchard_Range_Site,43.32,-116.0
1017.0,SCAN,Panguitch,37.867,-112.43299999999999
1018.0,SCAN,Park_Valley,41.766999999999996,-113.26700000000001
1019.0,SCAN,Pee_Dee,34.3,-79.733
1020.0,SCAN,Perdido_Riv_Farms,31.116999999999997,-87.55
1021.0,SCAN,Perthshire,33.967,-90.9
1022.0,SCAN,Phillipsburg,39.783,-99.333
1024.0,SCAN,Porter_Canyon,39.467,-117.617
1025.0,SCAN,Powder_Mill,39.016999999999996,-76.85
1026.0,SCAN,Powell_Gardens,38.867,-94.03299999999999
1027.0,SCAN,Prairie_View_#1,30.083000000000002,-95.98299999999999
1028.0,SCAN,Price,39.533,-110.8
1029.0,SCAN,Princeton_#1,37.1,-87.833
1032.0,SCAN,Reese_Center,33.617,-102.03299999999999
1033.0,SCAN,Reynolds_Homestead,36.633,-80.133
1035.0,SCAN,River_Road_Farms,31.017,-85.03299999999999
1036.0,SCAN,Rock_Springs_Pa,40.717,-77.933
1037.0,SCAN,Rogers_Farm_#1,40.85,-96.46700000000001
1038.0,SCAN,SHELDON,41.9,-119.44
1040.0,SCAN,Sand_Hollow,37.1,-113.35
1041.0,SCAN,Sandy_Ridge,33.667,-90.56700000000001
1042.0,SCAN,Schell-Osage,37.99,-94.04
1044.0,SCAN,Scott,33.617,-91.1
1048.0,SCAN,Sevilleta,34.35,-106.68299999999999
1050.0,SCAN,Shagbark_Hills,42.433,-95.76700000000001
1052.0,SCAN,Shenandoah,37.917,-79.2
1053.0,SCAN,Sidney,47.766999999999996,-104.25
1054.0,SCAN,Silver_City,33.083,-90.51700000000001
1056.0,SCAN,Spickard,40.25,-93.71700000000001
1057.0,SCAN,Split_Mountain,40.383,-109.35
1058.0,SCAN,Spooky,37.516999999999996,-111.26700000000001
1059.0,SCAN,Stanley_Farm,34.433,-86.68299999999999
1060.0,SCAN,Starkville,33.633,-88.7667
1065.0,SCAN,TABLE_MOUNTAIN,45.8,-111.59
1068.0,SCAN,Tidewater_Arec,36.683,-76.767
1070.0,SCAN,Torrington_#1,42.067,-106.133
1073.0,SCAN,Tunica,34.683,-90.417
1074.0,SCAN,Tuskegee,32.433,-85.75
1075.0,SCAN,UAPB_Campus-PB,34.25,-92.03299999999999
1076.0,SCAN,UAPB_Dewitt,34.283,-91.35
1077.0,SCAN,UAPB_Earle,35.283,-90.45
1078.0,SCAN,UAPB_Lonoke_Farm,34.85,-91.883
1079.0,SCAN,UAPB_Marianna,34.783,-90.81700000000001
1080.0,SCAN,UAPB_Point_Remove,35.217,-92.917
1083.0,SCAN,Uw_Platteville,42.71,-90.39
1084.0,SCAN,Vance,34.067,-90.35
1085.0,SCAN,Vermillion,37.183,-112.2
1087.0,SCAN,Violett,48.433,-111.18299999999999
1088.0,SCAN,WTARS,34.9,-86.53299999999999
1093.0,SCAN,Ward_Farm,63.95,-145.083
1094.0,SCAN,Watkinsville_#1,33.883,-83.43299999999999
1098.0,SCAN,West_Summit,38.016999999999996,-109.133
1099.0,SCAN,Willow_Wells,33.533,-103.633
1100.0,SCAN,Youmans_Farm,32.667,-81.2
1107.0,SMOSMANIA,Berzeme,44.6283,4.5667
1108.0,SMOSMANIA,Cabrieres_dAvignon,43.8837,5.1648
1109.0,SMOSMANIA,Condom,43.9744,0.3361
1110.0,SMOSMANIA,Creon_dArmagnac,43.9936,-0.0469
1111.0,SMOSMANIA,La_Grand_Combe,44.243,4.0102
1112.0,SMOSMANIA,Lahas,43.5472,0.8878
1113.0,SMOSMANIA,Lezignan_Corbieres,43.1733,2.7283
1115.0,SMOSMANIA,Mejannes-le-Clap,44.222,4.3448
1116.0,SMOSMANIA,Montaut,43.1922,1.6436
1117.0,SMOSMANIA,Mouthoumet,42.96,2.53
1118.0,SMOSMANIA,Narbonne,43.15,2.9567
1119.0,SMOSMANIA,Peyrusse_Grande,43.6664,0.2217
1120.0,SMOSMANIA,Pezenas_old,43.4383,3.4033
1121.0,SMOSMANIA,Prades-le-Lez,43.7172,3.8578
1122.0,SMOSMANIA,Sabres,44.1475,-0.8456
1123.0,SMOSMANIA,Saint_Felix_de_Lauragais,43.4417,1.88
1124.0,SMOSMANIA,Savenes,43.825,1.1767
1125.0,SMOSMANIA,Urgons,43.6397,-0.435
1126.0,SMOSMANIA,Villevielle,43.7952,4.0908
1127.0,SNOTEL,AGUA_CANYON,37.52,-112.27
1129.0,SNOTEL,ANNIE_SPRINGS,42.87,-122.17
1130.0,SNOTEL,ARAPAHO_RIDGE,40.35,-106.38
1133.0,SNOTEL,ATLANTA_SUMMIT,43.76,-115.24
1135.0,SNOTEL,BALDY,33.98,-109.5
1136.0,SNOTEL,BANNER_SUMMIT,44.3,-115.23
1137.0,SNOTEL,BEAR_CREEK,41.83,-115.45
1138.0,SNOTEL,BEAR_RIVER_RS,40.89,-110.83
1139.0,SNOTEL,BEAVER_DAMS,39.14,-111.56
1140.0,SNOTEL,BEAVER_DIVIDE,40.61,-111.1
1142.0,SNOTEL,BEN_LOMOND_PEAK,41.38,-111.94
1143.0,SNOTEL,BEN_LOMOND_TRAIL,41.38,-111.92
1145.0,SNOTEL,BERTHOUD_SUMMIT,39.8,-105.78
1146.0,SNOTEL,BIG_BEND,41.76,-115.69
1147.0,SNOTEL,BIG_CREEK_SUM,39.29,-117.11
1148.0,SNOTEL,BIG_FLAT,38.3,-112.36
1149.0,SNOTEL,BIG_GOOSE,44.58,-107.2
1150.0,SNOTEL,BIG_MEADOW,39.46,-119.94
1151.0,SNOTEL,BIG_SANDY_OPENING,42.65,-109.26
1152.0,SNOTEL,BILLIE_CREEK_DIVIDE,42.41,-122.27
1153.0,SNOTEL,BIRD_CREEK,39.46,-114.65
1154.0,SNOTEL,BLACKHALL_MTN,41.06,-106.71
1155.0,SNOTEL,BLACKS_FORK_JCT,40.96,-110.58
1156.0,SNOTEL,BLACKTAIL_MTN,47.98,-114.25
1157.0,SNOTEL,BLACK_BEAR,44.51,-111.13
1158.0,SNOTEL,BLACK_FLAT-U.M._CK,38.68,-111.6
1159.0,SNOTEL,BLACK_PINE,46.41,-113.43
1161.0,SNOTEL,BOGUS_BASIN,43.76,-116.1
1162.0,SNOTEL,BONE_SPRINGS_DIV,44.68,-107.58
1163.0,SNOTEL,BOURNE,44.83,-118.19
1164.0,SNOTEL,BOX_CREEK,38.51,-112.02
1165.0,SNOTEL,BRIAN_HEAD,37.68,-112.86
1166.0,SNOTEL,BRIGHTON,40.6,-111.58
1168.0,SNOTEL,BROWN_DUCK,40.58,-110.59
1171.0,SNOTEL,BUCKBOARD_FLAT,37.87,-109.45
1172.0,SNOTEL,BUCKINGHORSE,47.71,-123.46
1173.0,SNOTEL,BUCKSKIN_JOE,39.3,-106.11
1174.0,SNOTEL,BUCKSKIN_LOWER,41.75,-117.53
1175.0,SNOTEL,BUCK_FLAT,39.13,-111.44
1176.0,SNOTEL,BUCK_PASTURE,40.84,-110.66
1177.0,SNOTEL,BUG_LAKE,41.68,-111.42
1178.0,SNOTEL,BURNSIDE_LAKE,38.72,-119.89
1180.0,SNOTEL,BURRO_MOUNTAIN,39.88,-107.6
1181.0,SNOTEL,BURTS_MILLER_RANCH,40.98,-110.85
1184.0,SNOTEL,Bar_M,34.8614,-111.605
1185.0,SNOTEL,Bevans_Cabin,40.46,-112.25
1187.0,SNOTEL,CAMP_JACKSON,37.81,-109.49
1188.0,SNOTEL,CARSON_PASS,38.69,-119.99
1190.0,SNOTEL,CASCADE_MOUNTAIN,40.28,-111.61
1192.0,SNOTEL,CASTLE_VALLEY,37.66,-112.74
1194.0,SNOTEL,CAYUSE_PASS,46.87,-121.53
1195.0,SNOTEL,CHALK_CREEK_#1,40.85,-111.05
1196.0,SNOTEL,CHALK_CREEK_#2,40.89,-111.07
1197.0,SNOTEL,CHEMULT_ALTERNATE,43.23,-121.81
1198.0,SNOTEL,CHEPETA,40.77,-110.01
1200.0,SNOTEL,CINNABAR_PARK,41.24,-106.23
1202.0,SNOTEL,CLAYTON_SPRINGS,37.97,-111.83
1203.0,SNOTEL,CLEAR_CREEK_#1,39.87,-111.28
1204.0,SNOTEL,CLEAR_CREEK_#2,39.89,-111.25
1205.0,SNOTEL,CLEAR_LAKE,45.19,-121.69
1206.0,SNOTEL,CLOVER_MEADOW,45.02,-111.85
1207.0,SNOTEL,COCHETOPA_PASS,38.16,-106.6
1208.0,SNOTEL,COLDFOOT,67.25,-150.18
1209.0,SNOTEL,CORRAL_CANYON,40.28,-115.53
1210.0,SNOTEL,CRAB_CREEK,44.44,-111.99
1212.0,SNOTEL,CROW_CREEK,41.23,-105.38
1214.0,SNOTEL,CULEBRA_#2,37.21,-105.2
1215.0,SNOTEL,CURRANT_CREEK,40.36,-111.09
1216.0,SNOTEL,Chalender,35.26,-112.06
1220.0,SNOTEL,Corral,39.66,-110.38
1221.0,SNOTEL,DANIELS-STRAWBERRY,40.29,-111.26
1222.0,SNOTEL,DIAMOND_PEAK,39.56,-115.84
1223.0,SNOTEL,DILLS_CAMP,39.05,-111.47
1224.0,SNOTEL,DISASTER_PEAK,41.97,-118.19
1225.0,SNOTEL,DIVIDE,44.79,-112.06
1226.0,SNOTEL,DONKEY_RESERVOIR,38.21,-111.48
1227.0,SNOTEL,DORSEY_BASIN,40.89,-115.2
1228.0,SNOTEL,DRAW_CREEK,41.66,-115.32
1229.0,SNOTEL,DRY_BREAD_POND,41.41,-111.54
1230.0,SNOTEL,DRY_FORK,40.57,-112.17
1231.0,SNOTEL,DRY_LAKE,40.53,-106.78
1234.0,SNOTEL,Dry_Creek,40.86,-115.22
1235.0,SNOTEL,EAGLE_SUMMIT,65.49,-145.41
1237.0,SNOTEL,EAST_WILLOW_CREEK,39.31,-109.53
1242.0,SNOTEL,ELK_PEAK,46.48,-110.71
1243.0,SNOTEL,EXIT_GLACIER,60.19,-149.62
1244.0,SNOTEL,Elk_Cabin,35.7,-105.81
1246.0,SNOTEL,FARMINGTON,40.97,-111.81
1247.0,SNOTEL,FARMINGTON_LOWER,40.99,-111.82
1248.0,SNOTEL,FARNSWORTH_LAKE,38.77,-111.68
1249.0,SNOTEL,FAWN_CREEK,41.82,-116.1
1250.0,SNOTEL,FISH_LAKE_UTAH,38.51,-111.77
1254.0,SNOTEL,FORT_VALLEY,35.27,-111.74
1255.0,SNOTEL,FRANKLIN_BASIN,42.05,-111.6
1259.0,SNOTEL,GARDEN_CITY_SUMMIT,41.92,-111.47
1260.0,SNOTEL,GARDNER_PEAK,37.4,-113.46
1263.0,SNOTEL,GEORGE_CREEK,41.92,-113.41
1264.0,SNOTEL,GIVEOUT,42.41,-111.17
1265.0,SNOTEL,GOBBLERS_KNOB,66.75,-150.67
1266.0,SNOTEL,GOLCONDA,40.88,-117.59
1268.0,SNOTEL,GOOSEBERRY_R.S.,38.8,-111.68
1269.0,SNOTEL,GOOSEBERRY_R.S._UP,38.79,-111.69
1271.0,SNOTEL,GRANITE_CRK,63.94,-145.4
1272.0,SNOTEL,GRANITE_PEAK,41.67,-117.57
1273.0,SNOTEL,GREEN_MOUNTAIN,40.38,-115.53
1275.0,SNOTEL,GROUSE_CAMP,47.28,-120.49
1276.0,SNOTEL,GUTZ_PEAK,37.5,-113.94
1277.0,SNOTEL,Gallegos_Peak,36.19,-105.56
1281.0,SNOTEL,HAPPY_JACK,34.75,-111.41
1282.0,SNOTEL,HARDSCRABBLE,40.87,-111.72
1283.0,SNOTEL,HARRIS_FLAT,37.49,-112.58
1285.0,SNOTEL,HAYDEN_FORK,40.8,-110.88
1287.0,SNOTEL,HEWINTA,40.95,-110.48
1288.0,SNOTEL,HICKERSON_PARK,40.91,-109.96
1289.0,SNOTEL,HIGH_RIDGE,45.7,-118.11
1291.0,SNOTEL,HOLE-IN-MOUNTAIN,40.94,-115.1
1292.0,SNOTEL,HOLE-IN-ROCK,40.92,-110.19
1294.0,SNOTEL,HOOSIER_PASS,39.36,-106.06
1296.0,SNOTEL,HORSE_RIDGE,41.31,-111.45
1298.0,SNOTEL,Hobble_Creek,40.19,-111.36
1299.0,SNOTEL,Hopewell,36.72,-106.26
1300.0,SNOTEL,Huntington_Horse,39.61,-111.3
1306.0,SNOTEL,INDIAN_CANYON,39.89,-110.75
1307.0,SNOTEL,INDIAN_ROCK,45.99,-120.81
1309.0,SNOTEL,JACKS_PEAK,41.53,-116.01
1310.0,SNOTEL,JACKWHACKER_GULCH,39.57,-105.8
1311.0,SNOTEL,JACK_CREEK_UPPER,41.55,-116.01
1312.0,SNOTEL,JONES_CORRAL,38.07,-112.17
1314.0,SNOTEL,KALAMAZOO,39.56,-114.63
1317.0,SNOTEL,KENAI_MOOSE_PENS,60.73,-150.48
1318.0,SNOTEL,KILFOIL_CREEK,41.25,-111.41
1319.0,SNOTEL,KIMBERLY_MINE,38.48,-112.39
1320.0,SNOTEL,KINGS_CABIN,40.72,-109.54
1321.0,SNOTEL,KLONDIKE_NARROWS,41.97,-111.6
1322.0,SNOTEL,KOLOB,37.53,-113.05
1324.0,SNOTEL,LAKEFORK_#3,40.55,-110.35
1325.0,SNOTEL,LAKEVIEW_RIDGE,44.59,-111.82
1326.0,SNOTEL,LAMANCE_CREEK,41.52,-117.63
1327.0,SNOTEL,LAMOILLE_#3,40.65,-115.38
1328.0,SNOTEL,LAPRELE_CREEK,42.44,-105.86
1329.0,SNOTEL,LARSEN_CREEK,42.58,-109.09
1330.0,SNOTEL,LASAL_MOUNTAIN,38.48,-109.27
1331.0,SNOTEL,LASAL_MOUNTAIN-LOWER,38.48,-109.29
1332.0,SNOTEL,LAUREL_DRAW,41.78,-116.03
1334.0,SNOTEL,LEAVITT_MEADOWS,38.3,-119.55
1336.0,SNOTEL,LEWIS_LAKE_DIVIDE,44.21,-110.67
1337.0,SNOTEL,LEWIS_PEAK,40.36,-116.86
1338.0,SNOTEL,LICK_CREEK,45.5,-110.97
1339.0,SNOTEL,LIGHTNING_RIDGE,41.36,-111.49
1340.0,SNOTEL,LILY_LAKE,40.86,-110.8
1341.0,SNOTEL,LILY_POND,37.38,-106.55
1342.0,SNOTEL,LITTLE_BEAR,41.41,-111.83
1344.0,SNOTEL,LITTLE_GOOSE,44.54,-107.18
1346.0,SNOTEL,LITTLE_SNAKE_RIVER,41.07,-106.94
1349.0,SNOTEL,LONE_CONE,37.89,-108.2
1351.0,SNOTEL,LONG_FLAT,37.51,-113.4
1352.0,SNOTEL,LONG_VALLEY,44.79,-116.09
1355.0,SNOTEL,LOOKOUT_PEAK,40.84,-111.71
1356.0,SNOTEL,LOST_CREEK_RESV,41.22,-111.36
1357.0,SNOTEL,LOST_DOG,40.82,-106.75
1358.0,SNOTEL,LOST_HORSE,46.36,-121.08
1359.0,SNOTEL,LOUIS_MEADOW,40.83,-111.76
1360.0,SNOTEL,LYNX_PASS,40.08,-106.67
1361.0,SNOTEL,Lakefork_Basin,40.7378,-110.6209
1362.0,SNOTEL,Little_Valley,39.25,-119.88
1364.0,SNOTEL,MADISON_BUTTE,45.11,-119.5
1365.0,SNOTEL,MAGIC_MOUNTAIN,42.18,-114.29
1366.0,SNOTEL,MAMMOTH-COTTONWOOD,39.68,-111.32
1369.0,SNOTEL,MEDANO_PASS,37.85,-105.44
1370.0,SNOTEL,MERCHANT_VALLEY,38.3,-112.44
1371.0,SNOTEL,MF_Nooksack,48.82,-121.93
1372.0,SNOTEL,MICA_CREEK,47.15,-116.27
1373.0,SNOTEL,MICHIGAN_CREEK,39.44,-105.91
1375.0,SNOTEL,MIDWAY_VALLEY,37.57,-112.84
1376.0,SNOTEL,MILL-D_NORTH,40.66,-111.64
1377.0,SNOTEL,MILLER_WOODS,45.25,-123.28
1378.0,SNOTEL,MINING_FORK,40.49,-112.61
1381.0,SNOTEL,MONTE_CRISTO,41.47,-111.5
1383.0,SNOTEL,MOORE_CREEK_BRIDGE,59.59,-135.21
1386.0,SNOTEL,MOSCOW_MOUNTAIN,46.81,-116.85
1387.0,SNOTEL,MOSES_MTN,48.36,-119.08
1389.0,SNOTEL,MOSS_SPRINGS,45.27,-117.69
1390.0,SNOTEL,MOUNT_LOCKHART,47.92,-112.82
1391.0,SNOTEL,MT._HOWARD,45.27,-117.17
1392.0,SNOTEL,MT._RYAN,65.25,-146.15
1393.0,SNOTEL,MT_Baldy,39.14,-111.51
1395.0,SNOTEL,MUD_FLAT,42.6,-116.56
1397.0,SNOTEL,MYRTLE_CREEK,48.72,-116.46
1400.0,SNOTEL,Med_Bow,41.38,-106.35
1404.0,SNOTEL,NAVAJO_WHISKEY_CK,36.18,-108.95
1405.0,SNOTEL,NEVADA_RIDGE,46.84,-112.51
1406.0,SNOTEL,NUKA_GLACIER,59.7,-150.71
1409.0,SNOTEL,ORCHARD_RANGE_SITE,43.32,-116.0
1410.0,SNOTEL,PALO,36.41,-105.33
1411.0,SNOTEL,PARADISE,46.78,-121.75
1412.0,SNOTEL,PARK_CONE,38.82,-106.59
1415.0,SNOTEL,PARLEYS_SUMMIT,40.76,-111.63
1416.0,SNOTEL,PARRISH_CREEK,40.93,-111.81
1417.0,SNOTEL,PAYSON_R.S.,39.93,-111.63
1419.0,SNOTEL,PICKLE_KEG,39.01,-111.58
1420.0,SNOTEL,PIERCE_R.S.,46.49,-115.8
1421.0,SNOTEL,PINE_CREEK,38.97,-112.25
1422.0,SNOTEL,POCKET_CREEK,42.71,-109.41
1424.0,SNOTEL,POISON_FLAT,38.51,-119.63
1425.0,SNOTEL,POLE_CREEK_R.S.,41.87,-115.25
1426.0,SNOTEL,PORPHYRY_CREEK,38.49,-106.34
1430.0,SNOTEL,Pole_Canyon,40.86,-115.12
1431.0,SNOTEL,QUARTZ_MOUNTAIN,42.32,-120.83
1432.0,SNOTEL,QUARTZ_PEAK,47.88,-117.09
1433.0,SNOTEL,Quemazon,35.92,-106.39
1434.0,SNOTEL,RAGGED_MOUNTAIN,47.86,-117.04
1436.0,SNOTEL,RAINY_PASS,48.52,-120.74
1437.0,SNOTEL,RED_PINE_RIDGE,39.45,-111.27
1438.0,SNOTEL,RED_RIVER_PASS_#2,36.7,-105.34
1439.0,SNOTEL,REYNOLDS_CREEK,43.07,-116.75
1440.0,SNOTEL,ROCKY_BASIN-SETTLEME,40.44,-112.22
1442.0,SNOTEL,ROCK_CREEK,40.55,-110.69
1443.0,SNOTEL,ROCK_SPRINGS,44.01,-118.84
1444.0,SNOTEL,ROUGH_AND_TUMBLE,39.03,-106.08
1447.0,SNOTEL,Rees_Flat,39.5,-111.73
1449.0,SNOTEL,SAGE_CREEK_BASIN,41.4,-107.26
1450.0,SNOTEL,SALMON_MEADOWS,48.66,-119.84
1451.0,SNOTEL,SALT_CREEK_FALLS,43.61,-122.12
1452.0,SNOTEL,SALT_RIVER_SUMMIT,42.51,-110.91
1453.0,SNOTEL,SASSE_RIDGE,47.38,-121.06
1455.0,SNOTEL,SCHNEIDER_MEADOWS,45.0,-117.17
1457.0,SNOTEL,SEELEY_CREEK,39.31,-111.43
1458.0,SNOTEL,SENTINEL_BUTTE,48.86,-118.4
1459.0,SNOTEL,SEVENTYSIX_CREEK,41.74,-115.47
1461.0,SNOTEL,SHARKSTOOTH,37.5,-108.11
1462.0,SNOTEL,SHEEP_MTN.,43.21,-111.69
1463.0,SNOTEL,SHUREE,36.79,-105.24
1464.0,SNOTEL,SIERRA_BLANCA,33.4,-105.79
1465.0,SNOTEL,SILVER_CREEK,42.96,-121.18
1466.0,SNOTEL,SILVIES,42.75,-118.69
1467.0,SNOTEL,SLEEPING_WOMAN,47.18,-114.33
1471.0,SNOTEL,SNAKE_RIVER_STATION,44.13,-110.67
1472.0,SNOTEL,SNOWBIRD,40.56,-111.66
1473.0,SNOTEL,SNOW_MOUNTAIN,43.95,-119.54
1475.0,SNOTEL,SOMSEN_RANCH,42.95,-111.36
1476.0,SNOTEL,SONORA_PASS,38.31,-119.6
1477.0,SNOTEL,SOURDOUGH_GULCH,46.24,-117.39
1478.0,SNOTEL,SOUTH_MTN.,42.76,-116.9
1482.0,SNOTEL,SQUAW_SPRINGS,38.5,-112.01
1484.0,SNOTEL,STEEL_CREEK_PARK,40.91,-110.5
1485.0,SNOTEL,STRAWBERRY_DIVIDE,40.19,-111.22
1486.0,SNOTEL,SUCKER_CREEK,44.72,-107.4
1487.0,SNOTEL,SUMMIT_CREEK,60.62,-149.53
1490.0,SNOTEL,SUMMIT_RANCH,39.72,-106.16
1491.0,SNOTEL,SUSITNA_VALLEY_HIGH,62.13,-150.04
1500.0,SNOTEL,State_Line,41.99,-120.72
1504.0,SNOTEL,TAOS_POWDERHORN,36.58,-105.46
1505.0,SNOTEL,TAYLOR_BUTTE,42.69,-121.43
1506.0,SNOTEL,TAYLOR_CANYON,41.23,-116.03
1507.0,SNOTEL,TEMPLE_FORK,41.79,-111.55
1508.0,SNOTEL,THAYNES_CANYON,40.62,-111.53
1509.0,SNOTEL,TIMBERLINE,39.68,-110.43
1510.0,SNOTEL,TIMPANOGOS_DIVIDE,40.43,-111.62
1511.0,SNOTEL,TIPTON,44.66,-118.43
1512.0,SNOTEL,TOE_JAM,41.32,-116.34
1515.0,SNOTEL,TONY_GROVE_LAKE,41.9,-111.63
1516.0,SNOTEL,TONY_GROVE_RS,41.88,-111.57
1517.0,SNOTEL,TOUCHET,46.12,-117.85
1519.0,SNOTEL,TRIAL_LAKE,40.68,-110.95
1520.0,SNOTEL,TROUGH,47.23,-120.29
1521.0,SNOTEL,TROUT_CREEK,40.74,-109.67
1522.0,SNOTEL,TRUCKEE_#2,39.3,-120.18
1523.0,SNOTEL,Takka_Wiiya,39.74,-113.98
1526.0,SNOTEL,Tres_Ritos,36.13,-105.53
1528.0,SNOTEL,UPPER_RIO_GRANDE,37.72,-107.26
1529.0,SNOTEL,UPPER_SAN_JUAN,37.49,-106.84
1532.0,SNOTEL,USU_DOC_DANIEL,41.9,-111.51
1534.0,SNOTEL,VACARRO_SPRING,39.45,-115.98
1535.0,SNOTEL,VAN_WYCK,44.38,-116.34
1536.0,SNOTEL,VERNON_CREEK,39.94,-112.41
1542.0,SNOTEL,WEBSTER_FLAT,37.57,-112.9
1544.0,SNOTEL,WEST_YELLOWSTONE,44.66,-111.09
1546.0,SNOTEL,WHISKEY_CK,37.21,-105.12
1549.0,SNOTEL,WHITE_RIVER_#1,39.96,-110.99
1550.0,SNOTEL,WIDTSOE_#3,37.84,-111.88
1551.0,SNOTEL,WILDHORSE_DIVIDE,42.76,-112.48
1552.0,SNOTEL,WILD_BASIN,40.2,-105.6
1553.0,SNOTEL,WILSON_CREEK,42.01,-115.0
1554.0,SNOTEL,WINDY_PEAK,42.28,-105.58
1555.0,SNOTEL,WOLF_CREEK_SUMMIT,37.48,-106.8
1558.0,SNOTEL,Yankee_Reservoir,37.75,-112.78
1559.0,SNOTEL,ZIRKEL,40.79,-106.6
1562.0,SOILSCAPE,node101,36.0021,-98.6311
1577.0,SOILSCAPE,node103,36.0021,-98.6293
1580.0,SOILSCAPE,node104,36.0021,-98.6284
1581.0,SOILSCAPE,node105,36.0015,-98.6311
1582.0,SOILSCAPE,node106,36.0015,-98.6302
1583.0,SOILSCAPE,node107,36.0015,-98.6293
1584.0,SOILSCAPE,node108,36.0015,-98.6285
1585.0,SOILSCAPE,node109,36.001,-98.6311
1586.0,SOILSCAPE,node110,36.0009,-98.6302
1589.0,SOILSCAPE,node113,36.001,-98.6281
1590.0,SOILSCAPE,node114,36.0008,-98.6322
1591.0,SOILSCAPE,node115,36.0005,-98.6323
1592.0,SOILSCAPE,node116,36.0004,-98.6311
1593.0,SOILSCAPE,node117,36.0004,-98.6303
1595.0,SOILSCAPE,node119,36.0004,-98.6285
1596.0,SOILSCAPE,node120,36.0004,-98.6281
1597.0,SOILSCAPE,node121,36.0002,-98.6324
1598.0,SOILSCAPE,node200,42.299,-83.6643
1601.0,SOILSCAPE,node208,42.298,-83.6642
1602.0,SOILSCAPE,node210,42.299,-83.6643
1603.0,SOILSCAPE,node211,42.2983,-83.6652
1604.0,SOILSCAPE,node214,42.2978,-83.6659
1605.0,SOILSCAPE,node217,42.2983,-83.6638
1606.0,SOILSCAPE,node219,42.2991,-83.6654
1609.0,SOILSCAPE,node401,38.4319,-120.9654
1611.0,SOILSCAPE,node403,38.4323,-120.9655
1612.0,SOILSCAPE,node404,38.4323,-120.9649
1613.0,SOILSCAPE,node405,38.4323,-120.9644
1614.0,SOILSCAPE,node406,38.4326,-120.9649
1615.0,SOILSCAPE,node408,38.4328,-120.9669
1616.0,SOILSCAPE,node409,38.4332,-120.96700000000001
1617.0,SOILSCAPE,node410,38.4338,-120.9669
1618.0,SOILSCAPE,node411,38.4308,-120.9662
1619.0,SOILSCAPE,node412,38.4309,-120.9666
1620.0,SOILSCAPE,node413,38.4306,-120.9679
1621.0,SOILSCAPE,node414,38.43,-120.9675
1622.0,SOILSCAPE,node415,38.4306,-120.9667
1623.0,SOILSCAPE,node416,38.4306,-120.96700000000001
1624.0,SOILSCAPE,node417,38.4308,-120.9674
1625.0,SOILSCAPE,node418,38.4308,-120.9681
1626.0,SOILSCAPE,node419,38.4303,-120.9674
1627.0,SOILSCAPE,node420,38.4303,-120.9679
1629.0,SOILSCAPE,node501,38.1496,-120.7885
1630.0,SOILSCAPE,node502,38.1489,-120.7874
1631.0,SOILSCAPE,node503,38.1488,-120.7862
1632.0,SOILSCAPE,node504,38.1491,-120.7859
1633.0,SOILSCAPE,node505,38.1496,-120.7856
1634.0,SOILSCAPE,node506,38.1502,-120.7855
1635.0,SOILSCAPE,node507,38.1487,-120.7886
1636.0,SOILSCAPE,node508,38.1481,-120.7873
1637.0,SOILSCAPE,node509,38.1479,-120.7856
1638.0,SOILSCAPE,node510,38.148,-120.7852
1639.0,SOILSCAPE,node511,38.1488,-120.788
1640.0,SOILSCAPE,node512,38.1482,-120.7865
1641.0,SOILSCAPE,node513,38.1485,-120.7855
1643.0,SOILSCAPE,node515,38.1476,-120.7875
1644.0,SOILSCAPE,node516,38.146,-120.7876
1645.0,SOILSCAPE,node517,38.147,-120.7884
1648.0,SOILSCAPE,node701,38.1722,-120.8037
1649.0,SOILSCAPE,node702,38.1734,-120.8069
1650.0,SOILSCAPE,node703,38.1735,-120.8064
1651.0,SOILSCAPE,node704,38.1732,-120.8066
1653.0,SOILSCAPE,node706,38.1729,-120.805
1654.0,SOILSCAPE,node707,38.1723,-120.8062
1655.0,SOILSCAPE,node708,38.1717,-120.8062
1656.0,SOILSCAPE,node709,38.1722,-120.8066
1657.0,SOILSCAPE,node710,38.1719,-120.805
1659.0,SOILSCAPE,node712,38.1726,-120.8042
1660.0,SOILSCAPE,node713,38.1724,-120.8047
1689.0,SOILSCAPE,node900,38.3933,-120.9057
1690.0,SOILSCAPE,node901,38.3931,-120.9061
1691.0,SOILSCAPE,node902,38.3935,-120.9055
1692.0,SOILSCAPE,node903,38.3934,-120.9048
1693.0,SOILSCAPE,node904,38.3932,-120.9052
1694.0,SOILSCAPE,node905,38.3931,-120.9047
1695.0,SOILSCAPE,node906,38.3927,-120.9061
1696.0,SOILSCAPE,node907,38.3926,-120.9057
1698.0,SOILSCAPE,node909,38.3925,-120.9044
1699.0,SOILSCAPE,node910,38.3924,-120.9054
1700.0,SOILSCAPE,node911,38.391999999999996,-120.9056
1701.0,SOILSCAPE,node912,38.3921,-120.9047
1703.0,SOILSCAPE,node914,38.3915,-120.9057
1705.0,SOILSCAPE,node916,38.391,-120.9058
1713.0,SWEX_POLAND,"Marsh_Bubnow,_Polesie",51.375,23.279
1714.0,SWEX_POLAND,P1,51.4824,23.1028
1716.0,SWEX_POLAND,P3,51.4608,23.1275
1717.0,SWEX_POLAND,P4,51.4534,23.1352
1718.0,SWEX_POLAND,"Trzebieszow,_Podlasie",51.986999999999995,22.565
1719.0,TERENO,Gevenich,50.9892,6.3236
1720.0,TERENO,Merzenhausen,50.9303,6.2975
1721.0,TERENO,Schoeneseiffen,50.5149,6.3756
1722.0,TERENO,Selhausen,50.8691,6.4495
1723.0,TERENO,Wildenrath,51.1327,6.1692
1725.0,UDC_SMOS,Erlbach,48.3071,12.8275
1726.0,UDC_SMOS,Frieding,48.3369,12.8328
1727.0,UDC_SMOS,Harbach,48.4252,12.6187
1728.0,UDC_SMOS,Karolinenfeld,47.8653,12.0781
1729.0,UDC_SMOS,Lochheim,48.2703,12.4967
1730.0,UDC_SMOS,Neusling,48.6947,12.8767
1732.0,UDC_SMOS,Rothenfeld,47.9706,11.2236
1733.0,UDC_SMOS,Steinbeissen,48.6089,12.7328
1738.0,UMBRIA,Cerbara,43.56,12.38
1740.0,UMBRIA,Ficulle,42.8433,12.0631
1742.0,UMBRIA,Monterchi,43.4838,12.1067
1743.0,UMBRIA,Petrelle,43.35,12.17
1744.0,UMBRIA,Pieve_S.Stefano,43.6429,12.0358
1745.0,UMBRIA,S.Benedetto,43.4527,12.4638
1747.0,UMBRIA,Torre_Olmo,43.32,12.7
1748.0,UMSUOL,San_Pietro_Capofiume,44.6538,11.6226
1749.0,USCRN,Aberdeen_35_WNW,45.7115,-99.1296
1750.0,USCRN,Arco_17_SW,43.4621,-113.556
1753.0,USCRN,Austin_33_NW,30.6222,-98.0846
1754.0,USCRN,Avondale_2_N,39.8593,-75.7861
1756.0,USCRN,Batesville_8_WNW,35.8201,-91.7812
1757.0,USCRN,Bedford_5_WNW,38.8882,-86.5707
1758.0,USCRN,Blackville_3_W,33.355,-81.3279
1760.0,USCRN,Boulder_14_W,40.0354,-105.5409
1762.0,USCRN,Brigham_City_28_WNW,41.6163,-112.5437
1763.0,USCRN,Bronte_11_NNE,32.0408,-100.2495
1765.0,USCRN,Buffalo_13_ESE,45.516000000000005,-103.3017
1767.0,USCRN,Champaign_9_SW,40.0528,-88.3729
1769.0,USCRN,Chatham_1_SE,46.3345,-86.92
1770.0,USCRN,Chillicothe_22_ENE,39.8668,-93.147
1772.0,USCRN,Cortez_8_SE,37.2553,-108.5035
1773.0,USCRN,Corvallis_10_SSW,44.4185,-123.3257
1774.0,USCRN,Coshocton_8_NNE,40.3667,-81.7829
1775.0,USCRN,Crossville_7_NW,36.0138,-85.1345
1777.0,USCRN,Denio_52_WSW,41.8484,-119.6357
1778.0,USCRN,Des_Moines_17_E,41.5562,-93.2855
1779.0,USCRN,Dillon_18_WSW,45.158,-113.0057
1780.0,USCRN,Dinosaur_2_E,40.2446,-108.9677
1782.0,USCRN,Durham_2_N,43.1716,-70.9277
1783.0,USCRN,Durham_2_SSW,43.1092,-70.9484
1784.0,USCRN,Edinburg_17_NNE,26.5258,-98.0633
1785.0,USCRN,Elgin_5_S,31.5907,-110.5087
1786.0,USCRN,Elkins_21_ENE,39.013000000000005,-79.4743
1789.0,USCRN,Fallbrook_5_NE,33.4392,-117.1904
1790.0,USCRN,Gadsden_19_N,34.2851,-85.9621
1792.0,USCRN,Goodridge_12_NNW,48.3055,-95.8744
1793.0,USCRN,Goodwell_2_E,36.5993,-101.595
1794.0,USCRN,Goodwell_2_SE,36.5682,-101.6097
1795.0,USCRN,Harrison_20_SSE,42.4247,-103.7363
1796.0,USCRN,Holly_Springs_4_N,34.8223,-89.4348
1797.0,USCRN,Ithaca_13_E,42.4401,-76.2462
1798.0,USCRN,Jamestown_38_WSW,46.7702,-99.4778
1799.0,USCRN,John_Day_35_WNW,44.556000000000004,-119.6459
1800.0,USCRN,Joplin_24_N,37.4277,-94.5829
1801.0,USCRN,Kenai_29_ENE,60.7257,-150.4508
1804.0,USCRN,La_Junta_17_WSW,37.8639,-103.8224
1805.0,USCRN,Lafayette_13_SE,30.0918,-91.8731
1806.0,USCRN,Lander_11_SSE,42.6754,-108.6686
1808.0,USCRN,Lewistown_42_WSW,46.8847,-110.2895
1809.0,USCRN,Limestone_4_NNW,46.9601,-67.8833
1810.0,USCRN,Lincoln_11_SW,40.6954,-96.8541
1811.0,USCRN,Lincoln_8_ENE,40.8484,-96.5651
1812.0,USCRN,Los_Alamos_13_W,35.8584,-106.5214
1813.0,USCRN,Manhattan_6_SSW,39.1027,-96.6098
1815.0,USCRN,Medora_7_E,46.8946,-103.3769
1816.0,USCRN,Merced_23_WSW,37.2381,-120.8825
1818.0,USCRN,Millbrook_3_W,41.7857,-73.7422
1819.0,USCRN,Monahans_6_ENE,31.6219,-102.8071
1820.0,USCRN,Monroe_26_N,32.8833,-92.1165
1821.0,USCRN,Montrose_11_ENE,38.544000000000004,-107.6928
1822.0,USCRN,Moose_1_NNE,43.6615,-110.712
1823.0,USCRN,Muleshoe_19_S,33.9557,-102.774
1824.0,USCRN,Murphy_10_W,43.2044,-116.7505
1825.0,USCRN,Necedah_5_WNW,44.0604,-90.1737
1826.0,USCRN,Newton_11_SW,31.1923,-84.4465
1827.0,USCRN,Newton_5_ENE,32.3378,-89.0703
1828.0,USCRN,Newton_8_W,31.3127,-84.4706
1829.0,USCRN,Northgate_5_ESE,48.9676,-102.1702
1830.0,USCRN,Nunn_7_NNE,40.8066,-104.7552
1831.0,USCRN,Oakley_19_SSW,38.8701,-100.9627
1832.0,USCRN,Old_Town_2_W,44.9281,-68.7006
1833.0,USCRN,Palestine_6_WNW,31.7796,-95.7232
1835.0,USCRN,Pierre_24_S,44.0194,-100.353
1836.0,USCRN,Port_Aransas_32_NNE,28.3045,-96.823
1837.0,USCRN,Quinault_4_NE,47.5139,-123.81200000000001
1838.0,USCRN,Redding_12_WNW,40.6507,-122.6068
1839.0,USCRN,Riley_10_WSW,43.4711,-119.6917
1840.0,USCRN,Salem_10_W,37.6344,-91.7226
1841.0,USCRN,Sandstone_6_W,46.1135,-92.9936
1843.0,USCRN,Sebring_23_SSE,27.1526,-81.3689
1844.0,USCRN,Selma_13_WNW,32.4567,-87.2422
1845.0,USCRN,Shabbona_5_NNE,41.843,-88.8513
1846.0,USCRN,Sioux_Falls_14_NNE,43.7346,-96.6222
1847.0,USCRN,Socorro_20_N,34.3557,-106.8859
1848.0,USCRN,Spokane_17_SSW,47.4174,-117.5264
1849.0,USCRN,St._Mary_1_SSW,48.7412,-113.43299999999999
1850.0,USCRN,Stillwater_2_W,36.1181,-97.0914
1851.0,USCRN,Stillwater_5_WNW,36.1346,-97.1082
1853.0,USCRN,Sundance_8_NNW,44.5169,-104.4363
1855.0,USCRN,Tucson_11_W,32.2395,-111.1696
1856.0,USCRN,Versailles_3_NNW,38.0945,-84.7465
1857.0,USCRN,Watkinsville_5_SSE,33.7837,-83.3896
1858.0,USCRN,Whitman_5_ENE,42.068000000000005,-101.445
1859.0,USCRN,Williams_35_NNW,35.7552,-112.3374
1860.0,USCRN,Wolf_Point_29_ENE,48.3082,-105.1018
1861.0,USCRN,Wolf_Point_34_NE,48.4887,-105.2096
1862.0,USCRN,Yosemite_Village_12_W,37.7592,-119.8208
1865.0,USDA-ARS,Little_Washita,34.9502,-98.1
1866.0,USDA-ARS,Reynolds_Creek,43.1501,-116.775
1889.0,WSMN,WSMN_7,52.3653,-3.8325
